                  epoch,         train/box_loss,         train/cls_loss,         train/dfl_loss,   metrics/precision(B),      metrics/recall(B),       metrics/mAP50(B),    metrics/mAP50-95(B),           val/box_loss,           val/cls_loss,           val/dfl_loss,                 lr/pg0,                 lr/pg1,                 lr/pg2
                      1,                 0.9489,                 5.6159,                 2.2198,                 0.1969,                0.20408,                0.13564,                0.09222,                 0.9139,                  3.431,                 2.0288,               0.070044,              0.0033284,              0.0033284
                      2,                0.91839,                 4.0793,                 2.1614,                0.29057,                0.20466,                0.11778,                0.07297,                 1.0476,                 3.9973,                 2.3705,               0.040004,              0.0066213,              0.0066213
